nbhd_code,Cities_urbanLST_count
casablanca_025,59
casablanca_011,136
casablanca_012,176
casablanca_031,30
casablanca_019,12
casablanca_016,19
casablanca_002,14
casablanca_014,15
casablanca_022,3
casablanca_005,3
casablanca_015,115
casablanca_021,4
casablanca_026,6
casablanca_027,2
casablanca_009,4
casablanca_010,3
casablanca_006,1
casablanca_033,9
casablanca_008,9
casablanca_023,8
casablanca_018,27
casablanca_032,11
casablanca_030,116
casablanca_034,4
casablanca_001,14
casablanca_013,83
casablanca_003,33
casablanca_029,18
casablanca_004,25
casablanca_017,5
casablanca_028,10
casablanca_020,0
casablanca_024,3
casablanca_007,20
barcelona_22,14
barcelona_39,2
barcelona_40,4
barcelona_43,3
barcelona_28,1
barcelona_41,1
barcelona_38,1
barcelona_29,1
barcelona_25,3
barcelona_27,1
barcelona_26,2
barcelona_24,1
barcelona_23,4
barcelona_21,4
barcelona_20,3
barcelona_19,2
barcelona_18,2
barcelona_8,2
barcelona_9,2
barcelona_15,1
barcelona_14,0
barcelona_16,0
barcelona_17,0
barcelona_13,2
barcelona_11,7
barcelona_12,16
barcelona_1,1
barcelona_2,1
barcelona_3,1
barcelona_10,1
barcelona_7,2
barcelona_31,3
barcelona_30,0
barcelona_37,0
barcelona_32,0
barcelona_34,1
barcelona_36,2
barcelona_33,1
barcelona_6,1
barcelona_35,2
barcelona_64,0
barcelona_63,1
barcelona_62,1
barcelona_65,1
barcelona_5,1
barcelona_66,1
barcelona_4,2
barcelona_67,1
barcelona_68,2
barcelona_71,2
barcelona_61,1
barcelona_72,1
barcelona_73,2
barcelona_69,2
barcelona_70,1
barcelona_56,1
barcelona_57,1
barcelona_59,3
barcelona_60,2
barcelona_44,0
barcelona_45,1
barcelona_52,0
barcelona_53,1
barcelona_58,1
barcelona_54,2
barcelona_50,0
barcelona_55,1
barcelona_49,2
barcelona_48,0
barcelona_51,1
barcelona_46,0
barcelona_47,1
barcelona_42,0
istanbul_032,817
istanbul_015,1227
istanbul_014,165
istanbul_002,653
istanbul_018,54
istanbul_008,116
istanbul_012,53
istanbul_001,10
istanbul_004,44
istanbul_026,44
istanbul_007,49
istanbul_006,18
istanbul_005,24
istanbul_022,8
istanbul_017,21
istanbul_019,275
istanbul_035,42
istanbul_009,11
istanbul_021,8
istanbul_024,19
istanbul_020,30
istanbul_013,12
istanbul_033,38
istanbul_030,176
istanbul_010,32
istanbul_038,25
istanbul_023,33
istanbul_039,16
istanbul_025,54
istanbul_028,241
istanbul_027,65
istanbul_034,36
istanbul_029,72
istanbul_003,31
istanbul_037,54
istanbul_016,175
istanbul_011,386
istanbul_036,143
istanbul_031,869
telaviv_045,0
telaviv_047,0
telaviv_046,0
telaviv_049,0
telaviv_048,1
telaviv_050,1
telaviv_051,0
telaviv_014,0
telaviv_015,1
telaviv_007,2
telaviv_008,1
telaviv_002,0
telaviv_001,1
telaviv_004,1
telaviv_009,1
telaviv_003,0
telaviv_005,1
telaviv_010,1
telaviv_011,2
telaviv_012,0
telaviv_013,4
telaviv_016,1
telaviv_018,0
telaviv_019,1
telaviv_026,0
telaviv_027,1
telaviv_028,1
telaviv_025,0
telaviv_017,1
telaviv_022,0
telaviv_020,1
telaviv_021,1
telaviv_023,1
telaviv_024,1
telaviv_070,0
telaviv_060,0
telaviv_069,0
telaviv_059,0
telaviv_061,1
telaviv_062,2
telaviv_058,1
telaviv_068,0
telaviv_067,1
telaviv_063,1
telaviv_065,0
telaviv_064,1
telaviv_066,1
telaviv_071,0
telaviv_054,0
telaviv_056,1
telaviv_043,0
telaviv_053,1
telaviv_037,2
telaviv_041,1
telaviv_040,1
telaviv_031,1
telaviv_035,1
telaviv_030,2
telaviv_034,0
telaviv_036,1
telaviv_057,1
telaviv_032,1
telaviv_006,1
telaviv_033,1
telaviv_029,0
telaviv_038,0
telaviv_039,0
telaviv_042,1
telaviv_052,1
telaviv_055,1
telaviv_044,0
Johannesburg_1,7
Johannesburg_2,6
Johannesburg_3,6
Johannesburg_6,43
Johannesburg_23,60
Johannesburg_125,37
Johannesburg_122,71
Johannesburg_119,20
Johannesburg_24,14
Johannesburg_18,7
Johannesburg_54,23
Johannesburg_55,6
Johannesburg_124,22
Johannesburg_68,20
Johannesburg_58,9
Johannesburg_29,5
Johannesburg_27,2
Johannesburg_26,2
Johannesburg_28,3
Johannesburg_25,5
Johannesburg_30,3
Johannesburg_31,2
Johannesburg_70,38
Johannesburg_39,5
Johannesburg_40,1
Johannesburg_82,7
Johannesburg_86,12
Johannesburg_88,17
Johannesburg_89,10
Johannesburg_85,18
Johannesburg_126,13
Johannesburg_98,13
Johannesburg_99,10
Johannesburg_117,12
Johannesburg_102,19
Johannesburg_90,14
Johannesburg_87,12
Johannesburg_69,9
Johannesburg_60,6
Johannesburg_67,5
Johannesburg_59,0
Johannesburg_123,2
Johannesburg_63,1
Johannesburg_62,0
Johannesburg_64,1
Johannesburg_66,12
Johannesburg_73,10
Johannesburg_74,16
Johannesburg_91,10
Johannesburg_103,24
Johannesburg_108,2
Johannesburg_107,0
Johannesburg_81,14
Johannesburg_75,1
Johannesburg_76,1
Johannesburg_116,1
Johannesburg_105,3
Johannesburg_72,13
Johannesburg_118,11
Johannesburg_65,4
Johannesburg_57,34
Johannesburg_61,4
Johannesburg_56,9
Johannesburg_32,62
Johannesburg_77,4
Johannesburg_78,2
Johannesburg_111,4
Johannesburg_79,2
Johannesburg_110,39
Johannesburg_80,2
Johannesburg_93,35
Johannesburg_112,59
Johannesburg_92,42
Johannesburg_94,37
Johannesburg_113,18
Johannesburg_96,111
Johannesburg_106,30
Johannesburg_109,12
Johannesburg_115,18
Johannesburg_104,20
Johannesburg_101,15
Johannesburg_97,50
Johannesburg_114,19
Johannesburg_100,21
Johannesburg_95,3
Johannesburg_71,12
Johannesburg_83,14
Johannesburg_127,19
Johannesburg_84,14
Johannesburg_41,2
Johannesburg_43,3
Johannesburg_42,2
Johannesburg_38,4
Johannesburg_45,2
Johannesburg_36,2
Johannesburg_47,4
Johannesburg_44,6
Johannesburg_49,14
Johannesburg_129,6
Johannesburg_48,3
Johannesburg_46,3
Johannesburg_34,4
Johannesburg_51,3
Johannesburg_52,2
Johannesburg_128,6
Johannesburg_53,79
Johannesburg_50,5
Johannesburg_130,2
Johannesburg_20,3
Johannesburg_14,6
Johannesburg_13,7
Johannesburg_10,13
Johannesburg_9,16
Johannesburg_8,23
Johannesburg_11,8
Johannesburg_12,2
Johannesburg_19,4
Johannesburg_16,2
Johannesburg_15,2
Johannesburg_21,3
Johannesburg_33,4
Johannesburg_35,2
Johannesburg_37,3
Johannesburg_22,4
Johannesburg_17,4
Johannesburg_120,24
Johannesburg_121,54
Johannesburg_7,10
Johannesburg_4,7
Johannesburg_5,50
jakarta_005,42
jakarta_001,41
jakarta_021,9
jakarta_018,17
jakarta_008,22
jakarta_023,22
jakarta_006,27
jakarta_011,22
jakarta_031,15
jakarta_007,15
jakarta_022,12
jakarta_030,22
jakarta_004,19
jakarta_016,18
jakarta_033,11
jakarta_020,25
jakarta_017,19
jakarta_015,13
jakarta_040,9
jakarta_037,11
jakarta_024,8
jakarta_029,9
jakarta_012,10
jakarta_042,9
jakarta_026,8
jakarta_009,6
jakarta_036,3
jakarta_013,3
jakarta_002,5
jakarta_025,5
jakarta_034,17
jakarta_019,7
jakarta_041,20
jakarta_027,16
jakarta_035,5
jakarta_038,6
jakarta_039,4
jakarta_010,11
jakarta_032,36
jakarta_003,25
jakarta_028,8
jakarta_014,29
bangkok_017,37
bangkok_039,48
bangkok_004,43
bangkok_024,23
bangkok_044,34
bangkok_045,52
bangkok_029,36
bangkok_003,48
bangkok_031,23
bangkok_015,24
bangkok_001,38
bangkok_012,5
bangkok_046,10
bangkok_037,14
bangkok_005,9
bangkok_022,6
bangkok_050,11
bangkok_042,8
bangkok_009,4
bangkok_030,10
bangkok_040,1
bangkok_034,6
bangkok_011,12
bangkok_035,2
bangkok_038,7
bangkok_018,12
bangkok_032,9
bangkok_008,13
bangkok_010,12
bangkok_014,34
bangkok_016,10
bangkok_019,16
bangkok_026,22
bangkok_002,27
bangkok_049,19
bangkok_043,25
bangkok_048,12
bangkok_023,14
bangkok_033,14
bangkok_007,20
bangkok_047,32
bangkok_006,97
hochiminh_001,262
hochiminh_007,108
hochiminh_004,445
bangkok_036,56
bangkok_025,131
bangkok_041,29
bangkok_013,25
bangkok_020,26
bangkok_021,127
bangkok_027,62
bangkok_028,250
hochiminh_012,60
hochiminh_024,49
hochiminh_021,107
hochiminh_005,491
hochiminh_014,45
hochiminh_019,32
hochiminh_008,92
hochiminh_002,20
hochiminh_006,20
hochiminh_013,9
hochiminh_009,6
hochiminh_015,5
hochiminh_022,24
hochiminh_023,17
hochiminh_003,51
hochiminh_018,8
hochiminh_020,20
hochiminh_017,3
hochiminh_011,4
hochiminh_010,5
hochiminh_016,4
singapore_034,18
singapore_032,7
singapore_009,12
singapore_010,8
singapore_008,15
singapore_014,16
singapore_012,59
singapore_033,12
singapore_015,7
singapore_019,9
singapore_038,12
singapore_031,17
singapore_027,10
singapore_055,9
singapore_043,34
singapore_048,7
singapore_013,11
singapore_023,18
singapore_037,15
singapore_017,6
singapore_002,15
singapore_021,12
singapore_007,10
singapore_036,11
singapore_018,3
singapore_030,9
singapore_022,9
singapore_001,14
singapore_020,10
singapore_050,16
singapore_051,11
singapore_049,11
singapore_047,9
singapore_029,10
singapore_052,20
singapore_045,4
singapore_054,1
singapore_004,0
singapore_046,6
singapore_024,1
singapore_003,1
singapore_011,13
singapore_005,0
singapore_042,4
singapore_028,8
singapore_040,2
singapore_016,1
singapore_044,1
singapore_039,1
singapore_053,1
singapore_025,14
singapore_035,20
singapore_006,24
singapore_041,0
singapore_026,29
manila_014,157
manila_001,47
manila_017,32
manila_009,1
manila_004,6
manila_006,35
manila_015,6
manila_007,24
manila_012,33
manila_005,12
manila_016,29
manila_003,32
manila_013,1
manila_011,17
manila_010,45
manila_002,34
manila_008,38
seoul_005,39
seoul_008,16
seoul_009,27
seoul_010,56
seoul_014,37
seoul_025,29
seoul_013,22
seoul_012,34
seoul_023,23
seoul_011,20
seoul_007,25
seoul_006,24
seoul_004,61
seoul_003,47
seoul_024,13
seoul_018,31
seoul_022,22
seoul_020,19
seoul_002,45
seoul_021,22
seoul_001,33
seoul_015,41
seoul_016,24
seoul_019,21
seoul_017,33
beijing_005,2606
beijing_009,1890
beijing_003,1354
beijing_006,395
beijing_012,107
beijing_007,569
beijing_004,55
beijing_015,68
beijing_002,609
beijing_001,1756
beijing_016,2634
beijing_008,2795
beijing_013,1322
beijing_014,1172
beijing_010,2881
beijing_011,1250
delhi_001,514
delhi_009,293
delhi_005,44
delhi_008,494
delhi_006,14
delhi_004,77
delhi_003,71
delhi_002,82
delhi_007,135
bangalore_184,28
bangalore_059,14
bangalore_096,14
bangalore_077,17
bangalore_016,6
bangalore_093,4
bangalore_153,10
bangalore_072,21
bangalore_012,3
bangalore_040,2
bangalore_053,6
bangalore_190,6
bangalore_001,1
bangalore_191,3
bangalore_020,4
bangalore_028,5
bangalore_138,3
bangalore_060,8
bangalore_044,14
bangalore_126,2
bangalore_019,26
bangalore_171,7
bangalore_123,5
bangalore_076,7
bangalore_003,11
bangalore_109,3
bangalore_089,2
bangalore_045,2
bangalore_165,5
bangalore_166,2
bangalore_183,0
bangalore_139,2
bangalore_002,1
bangalore_047,1
bangalore_110,3
bangalore_116,1
bangalore_176,2
bangalore_119,2
bangalore_058,1
bangalore_081,2
bangalore_071,1
bangalore_024,2
bangalore_018,23
bangalore_022,4
bangalore_006,8
bangalore_025,3
bangalore_088,0
bangalore_078,2
bangalore_143,2
bangalore_162,4
bangalore_160,0
bangalore_147,3
bangalore_084,3
bangalore_108,3
bangalore_056,6
bangalore_005,13
bangalore_186,6
bangalore_197,2
bangalore_112,1
bangalore_013,0
bangalore_100,0
bangalore_050,1
bangalore_142,2
bangalore_195,2
bangalore_015,1
bangalore_187,1
bangalore_178,2
bangalore_063,1
bangalore_087,2
bangalore_192,3
bangalore_027,1
bangalore_070,1
bangalore_170,0
bangalore_177,2
bangalore_158,3
bangalore_041,2
bangalore_092,0
bangalore_030,1
bangalore_029,1
bangalore_023,2
bangalore_035,1
bangalore_174,1
bangalore_140,1
bangalore_031,0
bangalore_049,3
bangalore_185,3
bangalore_037,0
bangalore_054,1
bangalore_036,1
bangalore_095,2
bangalore_122,1
bangalore_007,7
bangalore_151,1
bangalore_086,1
bangalore_052,2
bangalore_085,0
bangalore_039,3
bangalore_154,1
bangalore_156,1
bangalore_146,2
bangalore_168,0
bangalore_021,1
bangalore_061,2
bangalore_075,2
bangalore_161,4
bangalore_091,1
bangalore_129,3
bangalore_099,1
bangalore_094,1
bangalore_118,1
bangalore_064,5
bangalore_097,1
bangalore_157,1
bangalore_113,1
bangalore_132,0
bangalore_102,2
bangalore_135,2
bangalore_193,2
bangalore_180,11
bangalore_026,9
bangalore_107,5
bangalore_051,2
bangalore_065,2
bangalore_124,0
bangalore_159,1
bangalore_148,2
bangalore_130,0
bangalore_043,5
bangalore_188,10
bangalore_196,4
bangalore_082,24
bangalore_105,9
bangalore_034,9
bangalore_009,10
bangalore_114,9
bangalore_083,4
bangalore_167,11
bangalore_121,1
bangalore_011,5
bangalore_067,32
bangalore_106,6
bangalore_042,14
bangalore_181,11
bangalore_068,7
bangalore_090,13
bangalore_111,6
bangalore_066,3
bangalore_149,2
bangalore_144,6
bangalore_033,2
bangalore_179,1
bangalore_115,1
bangalore_117,2
bangalore_136,1
bangalore_120,1
bangalore_125,3
bangalore_069,6
bangalore_079,3
bangalore_198,1
bangalore_133,1
bangalore_175,2
bangalore_145,1
bangalore_173,1
bangalore_150,1
bangalore_169,1
bangalore_017,0
bangalore_004,2
bangalore_163,2
bangalore_164,1
bangalore_194,0
bangalore_103,2
bangalore_098,1
bangalore_057,1
bangalore_127,1
bangalore_131,1
bangalore_128,1
bangalore_134,1
bangalore_008,1
bangalore_189,0
bangalore_073,1
bangalore_062,2
bangalore_141,0
bangalore_155,0
bangalore_046,0
bangalore_104,0
bangalore_080,0
bangalore_010,1
bangalore_014,1
bangalore_048,2
bangalore_172,1
bangalore_038,2
bangalore_055,2
bangalore_101,0
bangalore_032,2
bangalore_074,1
bangalore_152,13
bangalore_182,8
bangalore_137,2
copenhagen_007,17
copenhagen_006,11
copenhagen_005,18
copenhagen_008,11
copenhagen_003,6
copenhagen_002,12
copenhagen_001,17
copenhagen_009,14
copenhagen_004,16
copenhagen_010,32
berlin_012,265
berlin_004,103
berlin_011,86
berlin_006,72
berlin_010,168
berlin_003,89
berlin_007,165
berlin_002,33
berlin_005,63
berlin_001,105
berlin_008,141
berlin_009,154
amsterdam_041,3
amsterdam_039,1
amsterdam_045,9
amsterdam_046,1
amsterdam_044,2
amsterdam_061,6
amsterdam_047,4
amsterdam_055,2
amsterdam_051,2
amsterdam_052,1
amsterdam_053,1
amsterdam_021,1
amsterdam_054,2
amsterdam_022,0
amsterdam_019,1
amsterdam_020,0
amsterdam_018,1
amsterdam_031,0
amsterdam_030,0
amsterdam_029,1
amsterdam_043,4
amsterdam_042,3
amsterdam_038,1
amsterdam_034,4
amsterdam_026,2
amsterdam_033,0
amsterdam_032,15
amsterdam_024,2
amsterdam_023,3
amsterdam_025,0
amsterdam_028,0
amsterdam_027,0
amsterdam_015,2
amsterdam_017,0
amsterdam_016,1
amsterdam_014,2
amsterdam_013,0
amsterdam_012,1
amsterdam_011,31
amsterdam_089,4
amsterdam_083,4
amsterdam_084,4
amsterdam_036,2
amsterdam_037,9
amsterdam_035,2
amsterdam_040,1
amsterdam_085,2
amsterdam_006,1
amsterdam_088,4
amsterdam_078,2
amsterdam_079,1
amsterdam_090,3
amsterdam_082,0
amsterdam_081,1
amsterdam_092,1
amsterdam_087,3
amsterdam_091,43
amsterdam_086,3
amsterdam_080,0
amsterdam_069,4
amsterdam_010,2
amsterdam_009,1
amsterdam_065,1
amsterdam_067,1
amsterdam_068,2
amsterdam_070,2
amsterdam_075,2
amsterdam_076,2
amsterdam_074,4
amsterdam_066,0
amsterdam_064,1
amsterdam_077,5
amsterdam_059,1
amsterdam_058,1
amsterdam_063,1
amsterdam_050,1
amsterdam_049,1
amsterdam_057,1
amsterdam_048,2
amsterdam_008,0
amsterdam_004,0
amsterdam_005,2
amsterdam_002,2
amsterdam_001,1
amsterdam_003,0
amsterdam_007,2
amsterdam_056,2
amsterdam_060,0
amsterdam_062,4
amsterdam_093,7
amsterdam_097,6
amsterdam_094,6
amsterdam_095,6
amsterdam_099,4
amsterdam_096,3
amsterdam_098,2
amsterdam_073,0
amsterdam_072,0
amsterdam_071,1
london_031,65
london_026,93
london_016,178
london_001,56
london_025,59
london_030,33
london_011,73
london_023,56
london_003,96
london_005,238
london_008,138
paris_012,25
paris_016,25
paris_019,9
paris_018,10
paris_020,9
paris_011,6
paris_010,6
paris_003,1
paris_004,3
paris_002,1
paris_009,5
paris_001,3
paris_006,4
paris_007,4
paris_008,6
paris_017,8
paris_015,14
paris_014,9
paris_013,12
paris_005,3
london_021,59
london_029,72
london_028,46
london_022,45
london_007,4
london_032,57
london_033,35
london_006,36
london_020,20
london_013,25
london_024,57
london_027,90
london_018,91
london_009,91
london_004,73
london_002,139
london_015,79
london_017,183
london_010,131
london_014,47
london_019,24
london_012,29
montreal_13,71
montreal_27,19
montreal_2,20
montreal_5,32
montreal_17,23
montreal_7,27
montreal_33,6
montreal_3,30
montreal_28,3
montreal_4,28
montreal_24,29
montreal_34,1
montreal_22,8
montreal_25,3
montreal_29,10
montreal_15,58
montreal_1,37
montreal_19,22
montreal_11,4
montreal_14,23
montreal_6,12
montreal_18,33
montreal_9,38
montreal_16,19
montreal_10,19
montreal_12,41
montreal_8,33
montreal_32,12
montreal_31,17
montreal_20,9
montreal_21,18
montreal_26,14
montreal_23,22
montreal_30,26
vancouver_039,0
vancouver_040,1
vancouver_041,2
vancouver_042,2
vancouver_035,2
vancouver_034,1
vancouver_030,0
vancouver_106,2
vancouver_033,0
vancouver_036,0
vancouver_037,2
vancouver_038,1
vancouver_043,2
vancouver_044,1
vancouver_071,3
vancouver_047,1
vancouver_046,3
vancouver_045,0
vancouver_090,1
vancouver_073,1
vancouver_077,2
vancouver_068,1
vancouver_078,2
vancouver_066,2
vancouver_049,1
vancouver_022,2
vancouver_023,0
vancouver_029,1
vancouver_104,0
vancouver_024,0
vancouver_015,1
vancouver_014,0
vancouver_012,0
vancouver_013,0
vancouver_011,0
vancouver_018,0
vancouver_017,0
vancouver_019,0
vancouver_016,0
vancouver_020,0
vancouver_021,0
vancouver_050,1
vancouver_051,0
vancouver_052,0
vancouver_055,0
vancouver_054,2
vancouver_059,2
vancouver_056,4
vancouver_058,1
vancouver_086,2
vancouver_057,2
vancouver_085,1
vancouver_084,2
vancouver_088,1
vancouver_087,2
vancouver_114,3
vancouver_113,6
vancouver_116,5
vancouver_115,2
vancouver_112,3
vancouver_082,0
vancouver_083,2
vancouver_067,2
vancouver_111,3
vancouver_091,2
vancouver_089,2
vancouver_081,2
vancouver_092,1
vancouver_060,2
vancouver_053,1
vancouver_061,1
vancouver_063,0
vancouver_062,2
vancouver_064,1
vancouver_048,3
vancouver_097,0
vancouver_027,0
vancouver_026,1
vancouver_025,0
vancouver_065,1
vancouver_079,1
vancouver_080,2
vancouver_076,1
vancouver_075,1
vancouver_074,1
vancouver_093,0
vancouver_107,2
vancouver_108,3
vancouver_031,1
vancouver_103,1
vancouver_094,0
vancouver_096,2
vancouver_101,2
vancouver_032,1
vancouver_003,4
vancouver_002,3
vancouver_004,1
vancouver_105,1
vancouver_005,0
vancouver_007,2
vancouver_006,0
vancouver_109,3
vancouver_009,3
vancouver_008,2
vancouver_117,2
vancouver_110,3
vancouver_118,1
vancouver_010,3
vancouver_001,2
vancouver_102,1
vancouver_100,1
vancouver_028,0
vancouver_098,1
vancouver_099,2
vancouver_095,2
vancouver_072,2
vancouver_070,2
vancouver_069,2
tokyo_011,63
tokyo_009,28
tokyo_008,42
tokyo_023,59
tokyo_022,42
tokyo_021,65
tokyo_007,17
tokyo_002,11
tokyo_006,13
tokyo_003,24
tokyo_010,18
tokyo_013,19
tokyo_001,12
tokyo_005,15
tokyo_004,25
tokyo_016,14
tokyo_014,20
tokyo_017,25
tokyo_018,13
tokyo_019,39
tokyo_020,61
tokyo_015,40
tokyo_012,73
melbourne_83,7
melbourne_84,1
melbourne_85,4
melbourne_81,7
melbourne_82,9
melbourne_56,9
melbourne_54,20
melbourne_57,6
melbourne_53,9
melbourne_58,11
melbourne_61,8
melbourne_60,9
melbourne_63,6
melbourne_59,5
melbourne_42,3
melbourne_46,9
melbourne_62,6
melbourne_45,7
melbourne_64,5
melbourne_43,9
melbourne_44,9
melbourne_51,7
melbourne_49,15
melbourne_50,5
melbourne_48,5
melbourne_93,8
melbourne_92,7
melbourne_31,3
melbourne_34,6
melbourne_47,7
melbourne_40,8
melbourne_35,2
melbourne_33,2
melbourne_15,3
melbourne_22,6
melbourne_21,2
melbourne_24,7
melbourne_28,2
melbourne_18,2
melbourne_38,2
melbourne_13,3
melbourne_20,6
melbourne_37,2
melbourne_41,4
melbourne_39,3
melbourne_36,2
melbourne_1,5
melbourne_2,4
melbourne_7,7
melbourne_6,4
melbourne_8,7
melbourne_4,9
melbourne_52,10
melbourne_55,8
melbourne_5,2
melbourne_10,10
melbourne_12,7
melbourne_9,4
melbourne_3,5
melbourne_11,2
melbourne_17,2
melbourne_16,2
melbourne_23,7
melbourne_19,4
melbourne_14,3
melbourne_27,9
melbourne_26,4
melbourne_29,3
melbourne_32,4
melbourne_30,2
melbourne_73,10
melbourne_75,4
melbourne_25,2
melbourne_66,5
melbourne_74,5
melbourne_67,7
melbourne_78,4
melbourne_71,8
melbourne_80,5
melbourne_89,16
melbourne_72,6
melbourne_77,4
melbourne_76,2
melbourne_79,6
melbourne_86,11
melbourne_68,6
melbourne_65,5
melbourne_88,6
melbourne_91,9
melbourne_90,5
melbourne_87,3
melbourne_70,4
melbourne_69,4
losangeles_001,131
losangeles_002,92
losangeles_006,32
losangeles_007,91
losangeles_005,43
losangeles_003,120
losangeles_004,34
losangeles_009,150
losangeles_008,81
losangeles_022,87
losangeles_020,34
losangeles_019,42
losangeles_018,18
losangeles_011,34
losangeles_13,9
losangeles_012,36
losangeles_010,51
losangeles_014,35
losangeles_015,58
losangeles_016,48
losangeles_017,17
losangeles_021,31
mexico_014,340
mexico_005,73
mexico_001,103
mexico_010,67
mexico_004,57
mexico_016,118
mexico_009,122
mexico_013,92
mexico_012,316
mexico_007,95
mexico_002,34
mexico_011,49
mexico_006,36
mexico_015,36
mexico_008,24
mexico_003,28
chicago_30,16
chicago_59,12
chicago_73,10
chicago_61,16
chicago_45,13
chicago_46,10
chicago_67,11
chicago_9,12
chicago_3,15
chicago_4,11
chicago_14,12
chicago_12,2
chicago_58,8
chicago_13,4
chicago_63,42
chicago_20,10
chicago_62,13
chicago_65,10
chicago_76,8
chicago_6,4
chicago_29,11
chicago_33,3
chicago_68,5
chicago_36,5
chicago_28,9
chicago_47,10
chicago_41,6
chicago_48,8
chicago_17,5
chicago_55,2
chicago_2,4
chicago_10,6
chicago_50,16
chicago_25,3
chicago_43,3
chicago_42,11
chicago_49,19
chicago_75,16
chicago_19,6
chicago_32,13
chicago_52,12
chicago_64,16
chicago_11,8
chicago_26,8
chicago_15,16
chicago_70,8
chicago_23,14
chicago_72,11
chicago_16,11
chicago_27,15
chicago_69,4
chicago_1,7
chicago_71,4
chicago_5,30
chicago_56,47
chicago_22,3
chicago_54,13
chicago_24,13
chicago_35,7
chicago_18,13
chicago_44,4
chicago_8,18
chicago_57,12
chicago_84,9
chicago_34,12
chicago_53,7
chicago_31,2
chicago_7,5
chicago_40,13
chicago_39,8
chicago_74,14
chicago_60,7
chicago_21,5
chicago_66,11
chicago_51,6
chicago_37,10
chicago_38,10
detroit_047,2
detroit_046,0
detroit_249,6
detroit_059,3
detroit_045,0
detroit_044,2
detroit_234,3
detroit_048,2
detroit_042,1
detroit_040,2
detroit_049,3
detroit_175,2
detroit_222,1
detroit_177,3
detroit_176,3
detroit_153,2
detroit_174,1
detroit_251,2
detroit_173,2
detroit_160,2
detroit_161,3
detroit_233,1
detroit_206,2
detroit_162,1
detroit_158,1
detroit_164,0
detroit_165,2
detroit_166,2
detroit_258,2
detroit_167,1
detroit_169,1
detroit_171,2
detroit_172,2
detroit_170,1
detroit_242,1
detroit_039,2
detroit_168,1
detroit_178,2
detroit_038,1
detroit_037,1
detroit_179,2
detroit_180,1
detroit_033,2
detroit_032,1
detroit_036,1
detroit_043,2
detroit_041,3
detroit_035,0
detroit_060,1
detroit_064,2
detroit_063,2
detroit_061,1
detroit_154,1
detroit_058,1
detroit_062,2
detroit_257,2
detroit_052,3
detroit_053,3
detroit_057,0
detroit_054,0
detroit_051,3
detroit_050,2
detroit_034,0
detroit_275,3
detroit_290,2
detroit_294,0
detroit_276,1
detroit_232,1
detroit_273,2
detroit_256,2
detroit_277,0
detroit_246,1
detroit_224,2
detroit_270,0
detroit_274,2
detroit_289,2
detroit_269,2
detroit_283,2
detroit_288,2
detroit_284,1
detroit_285,1
detroit_287,2
detroit_291,2
detroit_293,2
detroit_292,2
detroit_163,3
detroit_286,2
detroit_279,1
detroit_156,2
detroit_157,0
detroit_278,2
detroit_280,2
detroit_155,1
detroit_115,1
detroit_297,4
detroit_114,2
detroit_116,3
detroit_281,2
detroit_282,1
detroit_250,0
detroit_238,1
detroit_124,1
detroit_118,1
detroit_123,1
detroit_184,1
detroit_197,1
detroit_271,2
detroit_272,1
detroit_239,0
detroit_152,1
detroit_196,1
detroit_194,1
detroit_119,2
detroit_027,2
detroit_195,0
detroit_098,2
detroit_099,1
detroit_193,1
detroit_014,2
detroit_122,0
detroit_120,1
detroit_121,2
detroit_231,1
detroit_185,1
detroit_189,0
detroit_191,2
detroit_188,1
detroit_192,1
detroit_100,1
detroit_144,1
detroit_095,1
detroit_148,3
detroit_031,1
detroit_229,2
detroit_066,2
detroit_028,1
detroit_187,1
detroit_254,1
detroit_186,1
detroit_253,1
detroit_142,2
detroit_030,4
detroit_259,1
detroit_105,2
detroit_107,2
detroit_092,2
detroit_109,2
detroit_108,2
detroit_016,2
detroit_237,1
detroit_093,0
detroit_009,2
detroit_094,2
detroit_262,3
detroit_106,1
detroit_295,2
detroit_296,1
detroit_159,2
detroit_263,2
detroit_083,0
detroit_084,2
detroit_081,1
detroit_080,1
detroit_068,0
detroit_247,2
detroit_079,4
detroit_071,1
detroit_070,3
detroit_004,1
detroit_082,1
detroit_078,5
detroit_006,8
detroit_085,4
detroit_086,3
detroit_007,2
detroit_087,1
detroit_091,3
detroit_088,0
detroit_089,1
detroit_090,0
detroit_110,2
detroit_111,0
detroit_140,3
detroit_141,2
detroit_205,1
detroit_026,1
detroit_213,1
detroit_214,1
detroit_228,0
detroit_227,2
detroit_240,1
detroit_012,1
detroit_001,1
detroit_204,2
detroit_002,3
detroit_202,3
detroit_200,1
detroit_212,1
detroit_210,1
detroit_211,2
detroit_024,1
detroit_236,1
detroit_008,2
detroit_010,2
detroit_011,1
detroit_221,1
detroit_198,1
detroit_260,1
detroit_203,2
detroit_199,1
detroit_065,1
detroit_025,2
detroit_245,1
detroit_020,2
detroit_241,1
detroit_029,8
detroit_023,3
detroit_021,1
detroit_022,1
detroit_019,1
detroit_268,2
detroit_209,2
detroit_018,2
detroit_005,3
detroit_077,1
detroit_076,1
detroit_072,2
detroit_075,1
detroit_015,2
detroit_143,1
detroit_074,2
detroit_243,0
detroit_073,0
detroit_136,3
detroit_137,1
detroit_138,2
detroit_183,1
detroit_255,2
detroit_244,1
detroit_017,3
detroit_219,1
detroit_264,2
detroit_267,1
detroit_003,5
detroit_266,5
detroit_265,1
detroit_261,0
detroit_220,2
detroit_139,2
detroit_182,2
detroit_151,1
detroit_181,2
detroit_133,1
detroit_126,3
detroit_129,2
detroit_134,2
detroit_135,0
detroit_128,2
detroit_127,2
detroit_132,1
detroit_131,2
detroit_069,1
detroit_130,1
detroit_067,0
detroit_201,1
detroit_216,2
detroit_215,1
detroit_217,3
detroit_226,2
detroit_218,3
detroit_013,5
detroit_097,1
detroit_096,4
detroit_125,4
detroit_223,1
detroit_150,1
detroit_235,1
detroit_252,1
detroit_146,1
detroit_145,3
detroit_225,1
detroit_248,0
detroit_102,2
detroit_103,2
detroit_207,2
detroit_147,2
detroit_149,2
detroit_230,2
detroit_104,2
detroit_112,1
detroit_113,1
detroit_117,1
detroit_190,1
detroit_101,3
detroit_055,3
detroit_208,3
detroit_056,2
atlanta_120,39
atlanta_018,16
atlanta_001,1
atlanta_013,2
atlanta_105,9
atlanta_108,8
atlanta_008,4
atlanta_077,0
atlanta_083,1
atlanta_089,7
atlanta_084,6
atlanta_020,1
atlanta_081,1
atlanta_082,2
atlanta_038,1
atlanta_037,2
atlanta_055,3
atlanta_025,4
atlanta_104,2
atlanta_118,5
atlanta_026,6
atlanta_024,0
atlanta_101,1
atlanta_069,1
atlanta_126,5
atlanta_064,3
atlanta_027,4
atlanta_074,4
atlanta_070,3
atlanta_125,2
atlanta_014,5
atlanta_028,3
atlanta_045,9
atlanta_079,1
atlanta_068,1
atlanta_065,0
atlanta_114,3
atlanta_050,2
atlanta_066,2
atlanta_109,2
atlanta_106,1
atlanta_067,2
atlanta_075,2
atlanta_049,2
atlanta_012,1
atlanta_052,1
atlanta_041,1
atlanta_048,2
atlanta_034,3
atlanta_060,1
atlanta_103,1
atlanta_035,2
atlanta_112,0
atlanta_040,0
atlanta_097,0
atlanta_029,1
atlanta_005,3
atlanta_036,0
atlanta_039,1
atlanta_053,1
atlanta_051,1
atlanta_056,3
atlanta_063,2
atlanta_054,1
atlanta_078,0
atlanta_094,0
atlanta_116,1
atlanta_095,2
atlanta_091,3
atlanta_092,1
atlanta_093,2
atlanta_122,3
atlanta_121,2
atlanta_090,4
atlanta_073,4
atlanta_123,2
atlanta_009,1
atlanta_107,0
atlanta_007,1
atlanta_006,2
atlanta_110,2
atlanta_129,10
atlanta_010,0
atlanta_085,4
atlanta_096,0
atlanta_135,1
atlanta_115,2
atlanta_086,3
atlanta_030,0
atlanta_061,6
atlanta_087,8
atlanta_072,11
atlanta_117,3
atlanta_019,6
atlanta_004,7
atlanta_111,4
atlanta_011,1
atlanta_102,14
atlanta_100,13
atlanta_119,9
atlanta_130,3
atlanta_002,1
atlanta_003,1
atlanta_127,4
atlanta_128,0
atlanta_133,2
atlanta_132,2
atlanta_131,3
atlanta_099,5
atlanta_124,3
atlanta_088,4
atlanta_021,1
atlanta_022,2
atlanta_080,1
atlanta_023,3
atlanta_098,5
atlanta_134,4
atlanta_113,5
atlanta_032,21
atlanta_057,9
atlanta_062,7
atlanta_071,5
atlanta_058,2
atlanta_059,3
atlanta_047,5
atlanta_042,3
atlanta_033,5
atlanta_043,2
atlanta_044,11
atlanta_031,17
atlanta_017,6
atlanta_015,9
atlanta_046,8
atlanta_076,1
atlanta_016,2
newyork_021,83
newyork_055,24
newyork_032,36
newyork_039,15
newyork_041,10
newyork_040,9
newyork_038,8
newyork_037,12
newyork_036,9
newyork_035,10
newyork_022,62
newyork_023,41
newyork_020,0
newyork_017,0
newyork_016,6
newyork_015,1
newyork_014,7
newyork_042,16
newyork_050,15
newyork_018,0
newyork_024,10
newyork_025,9
newyork_019,0
newyork_027,7
newyork_028,14
newyork_029,8
newyork_034,5
newyork_033,11
newyork_026,9
newyork_030,10
newyork_051,27
newyork_031,19
newyork_054,20
newyork_052,15
newyork_049,10
newyork_048,12
newyork_043,13
newyork_044,33
newyork_045,31
newyork_047,24
newyork_053,32
newyork_046,70
newyork_003,26
newyork_009,14
newyork_004,13
newyork_002,24
newyork_001,12
newyork_006,6
newyork_005,16
newyork_007,4
newyork_011,6
newyork_008,7
newyork_013,5
newyork_010,12
newyork_012,4
boston_151,0
boston_153,2
boston_47,1
boston_46,1
boston_51,9
boston_95,1
boston_48,1
boston_91,0
boston_168,1
boston_165,0
boston_169,0
boston_167,0
boston_166,0
boston_171,1
boston_90,0
boston_170,0
boston_157,1
boston_174,1
boston_50,2
boston_154,1
boston_121,0
boston_49,0
boston_58,0
boston_59,0
boston_127,0
boston_96,0
boston_126,1
boston_130,0
boston_97,1
boston_67,0
boston_60,1
boston_131,0
boston_129,0
boston_68,0
boston_3,0
boston_172,1
boston_173,0
boston_12,1
boston_64,1
boston_134,3
boston_18,1
boston_115,0
boston_114,1
boston_99,1
boston_98,1
boston_17,0
boston_101,1
boston_113,1
boston_57,0
boston_9,1
boston_100,0
boston_32,4
boston_31,2
boston_37,2
boston_119,3
boston_69,1
boston_103,0
boston_15,1
boston_161,1
boston_16,2
boston_52,1
boston_40,1
boston_14,1
boston_116,4
boston_53,1
boston_42,0
boston_13,3
boston_135,0
boston_36,2
boston_34,0
boston_33,0
boston_72,0
boston_71,1
boston_35,0
boston_180,2
boston_179,0
boston_132,1
boston_73,0
boston_74,1
boston_63,1
boston_65,0
boston_8,0
boston_10,1
boston_11,1
boston_5,0
boston_158,1
boston_56,0
boston_7,0
boston_6,1
boston_55,0
boston_62,0
boston_61,0
boston_4,1
boston_109,0
boston_112,1
boston_110,0
boston_2,1
boston_1,0
boston_108,1
boston_111,1
boston_80,0
boston_79,0
boston_76,0
boston_75,1
boston_133,0
boston_77,1
boston_177,1
boston_178,0
boston_175,1
boston_78,0
boston_176,1
boston_148,2
boston_144,1
boston_145,0
boston_136,0
boston_122,3
boston_143,1
boston_140,0
boston_139,1
boston_141,1
boston_142,1
boston_137,0
boston_150,2
boston_107,0
boston_66,1
boston_124,0
boston_123,0
boston_125,0
boston_128,0
boston_120,1
boston_92,0
boston_155,0
boston_149,0
boston_156,0
boston_152,0
boston_106,1
boston_105,1
boston_104,3
boston_25,1
boston_24,2
boston_27,1
boston_45,1
boston_26,1
boston_84,1
boston_83,0
boston_85,1
boston_86,0
boston_88,0
boston_89,1
boston_138,0
boston_87,1
boston_146,0
boston_147,1
boston_162,1
boston_82,1
boston_163,0
boston_164,0
boston_81,2
boston_28,1
boston_70,0
boston_43,1
boston_41,2
boston_44,1
boston_21,2
boston_22,2
boston_23,4
boston_118,3
boston_20,2
boston_117,1
boston_19,3
boston_160,1
boston_159,1
boston_54,0
boston_38,1
boston_39,1
boston_30,1
boston_93,2
boston_102,1
boston_94,3
boston_29,4
lima_001,326
lima_024,27
lima_027,132
lima_026,128
lima_019,187
lima_023,192
lima_008,235
lima_029,55
lima_038,9
lima_007,36
lima_040,37
lima_003,2
lima_022,8
lima_033,22
lima_043,70
lima_042,37
lima_013,48
lima_002,87
lima_018,249
lima_006,44
lima_010,13
lima_037,11
lima_032,147
lima_015,19
lima_034,4
lima_014,10
lima_030,11
lima_031,8
lima_041,5
lima_020,4
lima_012,5
lima_016,3
lima_028,12
lima_004,4
lima_021,6
lima_036,8
lima_035,40
lima_017,18
lima_009,52
lima_011,16
lima_005,364
lima_025,50
lima_039,18
saopaulo_052,229
saopaulo_056,164
saopaulo_030,93
saopaulo_069,17
saopaulo_059,19
saopaulo_027,12
saopaulo_037,16
saopaulo_022,13
saopaulo_016,15
saopaulo_023,31
saopaulo_042,40
saopaulo_045,25
saopaulo_081,11
saopaulo_072,16
saopaulo_015,10
saopaulo_034,11
saopaulo_053,10
saopaulo_055,13
saopaulo_085,12
saopaulo_017,14
saopaulo_019,16
saopaulo_096,10
saopaulo_066,14
saopaulo_068,12
saopaulo_012,14
saopaulo_040,6
saopaulo_002,9
saopaulo_090,7
saopaulo_048,10
saopaulo_063,10
saopaulo_044,7
saopaulo_026,4
saopaulo_061,6
saopaulo_006,7
saopaulo_070,4
saopaulo_009,5
saopaulo_021,9
saopaulo_071,13
saopaulo_067,3
saopaulo_007,3
saopaulo_080,3
saopaulo_057,2
saopaulo_088,9
saopaulo_094,9
saopaulo_091,13
saopaulo_008,7
saopaulo_010,3
saopaulo_014,5
saopaulo_049,5
saopaulo_054,8
saopaulo_033,12
saopaulo_092,9
saopaulo_079,11
saopaulo_095,9
saopaulo_001,7
saopaulo_087,9
saopaulo_074,13
saopaulo_078,14
saopaulo_004,7
saopaulo_020,9
saopaulo_093,11
saopaulo_024,11
saopaulo_060,11
saopaulo_065,6
saopaulo_018,17
saopaulo_082,8
saopaulo_038,6
saopaulo_028,10
saopaulo_005,8
saopaulo_089,12
saopaulo_036,14
saopaulo_076,8
saopaulo_043,9
saopaulo_035,14
saopaulo_086,11
saopaulo_047,12
saopaulo_046,15
saopaulo_031,10
saopaulo_025,16
saopaulo_032,23
saopaulo_058,18
saopaulo_075,16
saopaulo_077,14
saopaulo_003,35
saopaulo_062,25
saopaulo_013,16
saopaulo_011,24
saopaulo_051,14
saopaulo_083,62
saopaulo_084,11
saopaulo_029,10
saopaulo_050,7
saopaulo_064,17
saopaulo_039,4
saopaulo_073,11
saopaulo_041,34
